{
"lengthUnit": "mil",
"components": {
	"fields": ["COMPONENT_NO", "COMPONENT_NAME", "LAYER", "X_COORDINATE", "Y_COORDINATE", "ANGLE"],
	"rows": [
		[1, "DHT11-%E6%B8%A9%E6%B9%BF%E5%BA%A6%E4%BC%A0%E6%84%9F%E5%99%A8", "T", -1700, 1430, 90],
		[2, "GND", "T", 1315, 1555, 0],
		[3, "GND-OUT", "T", 1315, 1330, 180],
		[4, "GND-VCC", "T", 895, 1330, 180],
		[5, "LED4", "T", 1597.18, 211.82, 0],
		[6, "LED5", "T", 1597.18, -67, 0],
		[7, "LED6", "T", 1597.18, -345.81, 0],
		[8, "LED7", "T", 1597.18, -624.63, 0],
		[9, "LM7805", "T", 1105, 1030, 0],
		[10, "MAX4466-%E5%A3%B0%E9%9F%B3%E4%BC%A0%E6%84%9F%E5%99%A8", "T", -1210, 1705, 0],
		[11, "R1", "T", 1525, 535, 180],
		[12, "SW1", "T", -1595.27, -969.73, 180],
		[13, "SW2", "T", -1220, -969.73, 180],
		[14, "SW3", "T", -844.73, -969.73, 180],
		[15, "U2", "T", 0, 0, 270],
		[16, "U3", "T", 1100, 0, 270],
		[17, "U4-OLED", "T", -1190, 345, 0],
		[18, "VCC", "T", 895, 1555, 0],
		[19, "PAD1", "T", 330, -1060, 0],
		[20, "PAD1", "B", 330, -1060, 0],
		[21, "PAD2", "T", 830, -960, 0],
		[22, "PAD2", "B", 830, -960, 0]
	]
},
"pins": {
	"fields": ["PIN_NO", "PIN_NAME", "PIN_X", "PIN_Y", "LAYER", "PIN_TYPE", "NET_NAME", "NET_TYPE", "PAD_SHAPE", "PAD_SIZEX", "PAD_SIZEY", "HOLE_SIZE", "PAD_ANGLE"],
	"rows": [
		[1, "DHT11-%25E6%25B8%25A9%25E6%25B9%25BF%25E5%25BA%25A6%25E4%25BC%25A0%25E6%2584%259F%25E5%2599%25A8_1", -1799.02, 1390.24, "T", "DIP", "GND", "GND", "R", 59.05, 59.05, 35.43, 90],
		[2, "DHT11-%25E6%25B8%25A9%25E6%25B9%25BF%25E5%25BA%25A6%25E4%25BC%25A0%25E6%2584%259F%25E5%2599%25A8_1", -1799.02, 1390.24, "B", "DIP", "GND", "GND", "R", 59.05, 59.05, 35.43, 90],
		[3, "DHT11-%25E6%25B8%25A9%25E6%25B9%25BF%25E5%25BA%25A6%25E4%25BC%25A0%25E6%2584%259F%25E5%2599%25A8_2", -1699.02, 1390.24, "T", "DIP", "$1N3119", "", "C", 59.05, 59.05, 35.43, 90],
		[4, "DHT11-%25E6%25B8%25A9%25E6%25B9%25BF%25E5%25BA%25A6%25E4%25BC%25A0%25E6%2584%259F%25E5%2599%25A8_2", -1699.02, 1390.24, "B", "DIP", "$1N3119", "", "C", 59.05, 59.05, 35.43, 90],
		[5, "DHT11-%25E6%25B8%25A9%25E6%25B9%25BF%25E5%25BA%25A6%25E4%25BC%25A0%25E6%2584%259F%25E5%2599%25A8_3", -1599.02, 1390.24, "T", "DIP", "3V3", "", "C", 59.05, 59.05, 35.43, 90],
		[6, "DHT11-%25E6%25B8%25A9%25E6%25B9%25BF%25E5%25BA%25A6%25E4%25BC%25A0%25E6%2584%259F%25E5%2599%25A8_3", -1599.02, 1390.24, "B", "DIP", "3V3", "", "C", 59.05, 59.05, 35.43, 90],
		[7, "GND_1", 1215, 1555, "T", "DIP", "GND", "GND", "R", 66.93, 66.93, 43.31, 0],
		[8, "GND_1", 1215, 1555, "B", "DIP", "GND", "GND", "R", 66.93, 66.93, 43.31, 0],
		[9, "GND_2", 1315, 1555, "T", "DIP", "GND", "GND", "C", 66.93, 66.93, 43.31, 0],
		[10, "GND_2", 1315, 1555, "B", "DIP", "GND", "GND", "C", 66.93, 66.93, 43.31, 0],
		[11, "GND_3", 1415, 1555, "T", "DIP", "GND", "GND", "C", 66.93, 66.93, 43.31, 0],
		[12, "GND_3", 1415, 1555, "B", "DIP", "GND", "GND", "C", 66.93, 66.93, 43.31, 0],
		[13, "GND-OUT_1", 1415, 1330, "T", "DIP", "$1N3097", "", "C", 70.87, 70.87, 47.24, 180],
		[14, "GND-OUT_1", 1415, 1330, "B", "DIP", "$1N3097", "", "C", 70.87, 70.87, 47.24, 180],
		[15, "GND-OUT_2", 1215, 1330, "T", "DIP", "GND", "GND", "C", 70.87, 70.87, 47.24, 180],
		[16, "GND-OUT_2", 1215, 1330, "B", "DIP", "GND", "GND", "C", 70.87, 70.87, 47.24, 180],
		[17, "GND-VCC_1", 995, 1330, "T", "DIP", "GND", "GND", "C", 70.87, 70.87, 47.24, 180],
		[18, "GND-VCC_1", 995, 1330, "B", "DIP", "GND", "GND", "C", 70.87, 70.87, 47.24, 180],
		[19, "GND-VCC_2", 795, 1330, "T", "DIP", "VCC", "", "C", 70.87, 70.87, 47.24, 180],
		[20, "GND-VCC_2", 795, 1330, "B", "DIP", "VCC", "", "C", 70.87, 70.87, 47.24, 180],
		[21, "LED4_1", 1547.18, 211.82, "T", "DIP", "$1N3105", "", "C", 60, 60, 36, 0],
		[22, "LED4_1", 1547.18, 211.82, "B", "DIP", "$1N3105", "", "C", 60, 60, 36, 0],
		[23, "LED4_2", 1647.18, 211.82, "T", "DIP", "$1N6743", "", "C", 60, 60, 36, 0],
		[24, "LED4_2", 1647.18, 211.82, "B", "DIP", "$1N6743", "", "C", 60, 60, 36, 0],
		[25, "LED5_1", 1547.18, -67, "T", "DIP", "$1N3107", "", "C", 60, 60, 36, 0],
		[26, "LED5_1", 1547.18, -67, "B", "DIP", "$1N3107", "", "C", 60, 60, 36, 0],
		[27, "LED5_2", 1647.18, -67, "T", "DIP", "$1N6743", "", "C", 60, 60, 36, 0],
		[28, "LED5_2", 1647.18, -67, "B", "DIP", "$1N6743", "", "C", 60, 60, 36, 0],
		[29, "LED6_1", 1547.18, -345.81, "T", "DIP", "$1N5823", "", "C", 60, 60, 36, 0],
		[30, "LED6_1", 1547.18, -345.81, "B", "DIP", "$1N5823", "", "C", 60, 60, 36, 0],
		[31, "LED6_2", 1647.18, -345.81, "T", "DIP", "$1N6743", "", "C", 60, 60, 36, 0],
		[32, "LED6_2", 1647.18, -345.81, "B", "DIP", "$1N6743", "", "C", 60, 60, 36, 0],
		[33, "LED7_1", 1547.18, -624.63, "T", "DIP", "$1N3198", "", "C", 60, 60, 36, 0],
		[34, "LED7_1", 1547.18, -624.63, "B", "DIP", "$1N3198", "", "C", 60, 60, 36, 0],
		[35, "LED7_2", 1647.18, -624.63, "T", "DIP", "$1N6743", "", "C", 60, 60, 36, 0],
		[36, "LED7_2", 1647.18, -624.63, "B", "DIP", "$1N6743", "", "C", 60, 60, 36, 0],
		[37, "LM7805_1", 1005, 1030.19, "T", "DIP", "VCC", "", "R", 70.87, 102.36, 47.24, 0],
		[38, "LM7805_1", 1005, 1030.19, "B", "DIP", "VCC", "", "R", 70.87, 102.36, 47.24, 0],
		[39, "LM7805_2", 1104.99, 1030.19, "T", "DIP", "GND", "GND", "O", 70.87, 102.36, 47.24, 0],
		[40, "LM7805_2", 1104.99, 1030.19, "B", "DIP", "GND", "GND", "O", 70.87, 102.36, 47.24, 0],
		[41, "LM7805_3", 1205.01, 1029.81, "T", "DIP", "$1N3097", "", "O", 70.87, 102.36, 47.24, 0],
		[42, "LM7805_3", 1205.01, 1029.81, "B", "DIP", "$1N3097", "", "O", 70.87, 102.36, 47.24, 0],
		[43, "MAX4466-%25E5%25A3%25B0%25E9%259F%25B3%25E4%25BC%25A0%25E6%2584%259F%25E5%2599%25A8_1", -1025, 1390, "T", "DIP", "$1N3117", "", "C", 60, 60, 36, 0],
		[44, "MAX4466-%25E5%25A3%25B0%25E9%259F%25B3%25E4%25BC%25A0%25E6%2584%259F%25E5%2599%25A8_1", -1025, 1390, "B", "DIP", "$1N3117", "", "C", 60, 60, 36, 0],
		[45, "MAX4466-%25E5%25A3%25B0%25E9%259F%25B3%25E4%25BC%25A0%25E6%2584%259F%25E5%2599%25A8_2", -925, 1390, "T", "DIP", "GND", "GND", "R", 60, 60, 36, 0],
		[46, "MAX4466-%25E5%25A3%25B0%25E9%259F%25B3%25E4%25BC%25A0%25E6%2584%259F%25E5%2599%25A8_2", -925, 1390, "B", "DIP", "GND", "GND", "R", 60, 60, 36, 0],
		[47, "MAX4466-%25E5%25A3%25B0%25E9%259F%25B3%25E4%25BC%25A0%25E6%2584%259F%25E5%2599%25A8_3", -825, 1390, "T", "DIP", "3V3", "", "C", 60, 60, 36, 0],
		[48, "MAX4466-%25E5%25A3%25B0%25E9%259F%25B3%25E4%25BC%25A0%25E6%2584%259F%25E5%2599%25A8_3", -825, 1390, "B", "DIP", "3V3", "", "C", 60, 60, 36, 0],
		[49, "R1_1", 1554.66, 535, "T", "SMD", "$1N6743", "", "R", 31.75, 34.02, 0, 180],
		[50, "R1_2", 1495.34, 535, "T", "SMD", "GND", "GND", "R", 31.75, 34.02, 0, 180],
		[51, "SW1_1", -1467.32, -1058.31, "T", "DIP", "3V3", "", "C", 70.87, 70.87, 47.24, 180],
		[52, "SW1_1", -1467.32, -1058.31, "B", "DIP", "3V3", "", "C", 70.87, 70.87, 47.24, 180],
		[53, "SW1_2", -1723.22, -1058.31, "T", "DIP", "3V3", "", "C", 70.87, 70.87, 47.24, 180],
		[54, "SW1_2", -1723.22, -1058.31, "B", "DIP", "3V3", "", "C", 70.87, 70.87, 47.24, 180],
		[55, "SW1_3", -1467.32, -881.15, "T", "DIP", "$1N3091", "", "C", 70.87, 70.87, 47.24, 180],
		[56, "SW1_3", -1467.32, -881.15, "B", "DIP", "$1N3091", "", "C", 70.87, 70.87, 47.24, 180],
		[57, "SW1_4", -1723.22, -881.15, "T", "DIP", "$1N3091", "", "C", 70.87, 70.87, 47.24, 180],
		[58, "SW1_4", -1723.22, -881.15, "B", "DIP", "$1N3091", "", "C", 70.87, 70.87, 47.24, 180],
		[59, "SW2_1", -1092.05, -1058.31, "T", "DIP", "3V3", "", "C", 70.87, 70.87, 47.24, 180],
		[60, "SW2_1", -1092.05, -1058.31, "B", "DIP", "3V3", "", "C", 70.87, 70.87, 47.24, 180],
		[61, "SW2_2", -1347.95, -1058.31, "T", "DIP", "3V3", "", "C", 70.87, 70.87, 47.24, 180],
		[62, "SW2_2", -1347.95, -1058.31, "B", "DIP", "3V3", "", "C", 70.87, 70.87, 47.24, 180],
		[63, "SW2_3", -1092.05, -881.15, "T", "DIP", "$1N3089", "", "C", 70.87, 70.87, 47.24, 180],
		[64, "SW2_3", -1092.05, -881.15, "B", "DIP", "$1N3089", "", "C", 70.87, 70.87, 47.24, 180],
		[65, "SW2_4", -1347.95, -881.15, "T", "DIP", "$1N3089", "", "C", 70.87, 70.87, 47.24, 180],
		[66, "SW2_4", -1347.95, -881.15, "B", "DIP", "$1N3089", "", "C", 70.87, 70.87, 47.24, 180],
		[67, "SW3_1", -716.78, -1058.31, "T", "DIP", "3V3", "", "C", 70.87, 70.87, 47.24, 180],
		[68, "SW3_1", -716.78, -1058.31, "B", "DIP", "3V3", "", "C", 70.87, 70.87, 47.24, 180],
		[69, "SW3_2", -972.68, -1058.31, "T", "DIP", "3V3", "", "C", 70.87, 70.87, 47.24, 180],
		[70, "SW3_2", -972.68, -1058.31, "B", "DIP", "3V3", "", "C", 70.87, 70.87, 47.24, 180],
		[71, "SW3_3", -716.78, -881.15, "T", "DIP", "$1N3087", "", "C", 70.87, 70.87, 47.24, 180],
		[72, "SW3_3", -716.78, -881.15, "B", "DIP", "$1N3087", "", "C", 70.87, 70.87, 47.24, 180],
		[73, "SW3_4", -972.68, -881.15, "T", "DIP", "$1N3087", "", "C", 70.87, 70.87, 47.24, 180],
		[74, "SW3_4", -972.68, -881.15, "B", "DIP", "$1N3087", "", "C", 70.87, 70.87, 47.24, 180],
		[75, "U2_1", -50, 700, "T", "DIP", "3V3", "", "C", 66.93, 66.93, 40.16, 270],
		[76, "U2_1", -50, 700, "B", "DIP", "3V3", "", "C", 66.93, 66.93, 40.16, 270],
		[77, "U2_2", 50, 700, "T", "DIP", "3V3", "", "C", 66.93, 66.93, 40.16, 270],
		[78, "U2_2", 50, 700, "B", "DIP", "3V3", "", "C", 66.93, 66.93, 40.16, 270],
		[79, "U2_3", -50, 600, "T", "DIP", "GND", "GND", "C", 66.93, 66.93, 40.16, 270],
		[80, "U2_3", -50, 600, "B", "DIP", "GND", "GND", "C", 66.93, 66.93, 40.16, 270],
		[81, "U2_4", 50, 600, "T", "DIP", "GND", "GND", "C", 66.93, 66.93, 40.16, 270],
		[82, "U2_4", 50, 600, "B", "DIP", "GND", "GND", "C", 66.93, 66.93, 40.16, 270],
		[83, "U2_5", -50, 500, "T", "DIP", "$1N3091", "", "C", 66.93, 66.93, 40.16, 270],
		[84, "U2_5", -50, 500, "B", "DIP", "$1N3091", "", "C", 66.93, 66.93, 40.16, 270],
		[85, "U2_6", 50, 500, "T", "DIP", "$1N3091", "", "C", 66.93, 66.93, 40.16, 270],
		[86, "U2_6", 50, 500, "B", "DIP", "$1N3091", "", "C", 66.93, 66.93, 40.16, 270],
		[87, "U2_7", -50, 400, "T", "DIP", "$1N3089", "", "C", 66.93, 66.93, 40.16, 270],
		[88, "U2_7", -50, 400, "B", "DIP", "$1N3089", "", "C", 66.93, 66.93, 40.16, 270],
		[89, "U2_8", 50, 400, "T", "DIP", "$1N3089", "", "C", 66.93, 66.93, 40.16, 270],
		[90, "U2_8", 50, 400, "B", "DIP", "$1N3089", "", "C", 66.93, 66.93, 40.16, 270],
		[91, "U2_9", -50, 300, "T", "DIP", "$1N3087", "", "C", 66.93, 66.93, 40.16, 270],
		[92, "U2_9", -50, 300, "B", "DIP", "$1N3087", "", "C", 66.93, 66.93, 40.16, 270],
		[93, "U2_10", 50, 300, "T", "DIP", "$1N3087", "", "C", 66.93, 66.93, 40.16, 270],
		[94, "U2_10", 50, 300, "B", "DIP", "$1N3087", "", "C", 66.93, 66.93, 40.16, 270],
		[95, "U2_11", -50, 200, "T", "DIP", "$1N3085", "", "C", 66.93, 66.93, 40.16, 270],
		[96, "U2_11", -50, 200, "B", "DIP", "$1N3085", "", "C", 66.93, 66.93, 40.16, 270],
		[97, "U2_12", 50, 200, "T", "DIP", "$1N3085", "", "C", 66.93, 66.93, 40.16, 270],
		[98, "U2_12", 50, 200, "B", "DIP", "$1N3085", "", "C", 66.93, 66.93, 40.16, 270],
		[99, "U2_13", -50, 100, "T", "DIP", "$1N3083", "", "C", 66.93, 66.93, 40.16, 270],
		[100, "U2_13", -50, 100, "B", "DIP", "$1N3083", "", "C", 66.93, 66.93, 40.16, 270],
		[101, "U2_14", 50, 100, "T", "DIP", "$1N3083", "", "C", 66.93, 66.93, 40.16, 270],
		[102, "U2_14", 50, 100, "B", "DIP", "$1N3083", "", "C", 66.93, 66.93, 40.16, 270],
		[103, "U2_15", -50, 0, "T", "DIP", "$1N7241", "", "C", 66.93, 66.93, 40.16, 270],
		[104, "U2_15", -50, 0, "B", "DIP", "$1N7241", "", "C", 66.93, 66.93, 40.16, 270],
		[105, "U2_16", 50, 0, "T", "DIP", "$1N7241", "", "C", 66.93, 66.93, 40.16, 270],
		[106, "U2_16", 50, 0, "B", "DIP", "$1N7241", "", "C", 66.93, 66.93, 40.16, 270],
		[107, "U2_17", -50, -100, "T", "DIP", "$1N7251", "", "C", 66.93, 66.93, 40.16, 270],
		[108, "U2_17", -50, -100, "B", "DIP", "$1N7251", "", "C", 66.93, 66.93, 40.16, 270],
		[109, "U2_18", 50, -100, "T", "DIP", "$1N7251", "", "C", 66.93, 66.93, 40.16, 270],
		[110, "U2_18", 50, -100, "B", "DIP", "$1N7251", "", "C", 66.93, 66.93, 40.16, 270],
		[111, "U2_19", -50, -200, "T", "DIP", "$1N7258", "", "C", 66.93, 66.93, 40.16, 270],
		[112, "U2_19", -50, -200, "B", "DIP", "$1N7258", "", "C", 66.93, 66.93, 40.16, 270],
		[113, "U2_20", 50, -200, "T", "DIP", "$1N7258", "", "C", 66.93, 66.93, 40.16, 270],
		[114, "U2_20", 50, -200, "B", "DIP", "$1N7258", "", "C", 66.93, 66.93, 40.16, 270],
		[115, "U2_21", -50, -300, "T", "DIP", "$1N3075", "", "C", 66.93, 66.93, 40.16, 270],
		[116, "U2_21", -50, -300, "B", "DIP", "$1N3075", "", "C", 66.93, 66.93, 40.16, 270],
		[117, "U2_22", 50, -300, "T", "DIP", "$1N3075", "", "C", 66.93, 66.93, 40.16, 270],
		[118, "U2_22", 50, -300, "B", "DIP", "$1N3075", "", "C", 66.93, 66.93, 40.16, 270],
		[119, "U2_23", -50, -400, "T", "DIP", "$1N3073", "", "C", 66.93, 66.93, 40.16, 270],
		[120, "U2_23", -50, -400, "B", "DIP", "$1N3073", "", "C", 66.93, 66.93, 40.16, 270],
		[121, "U2_24", 50, -400, "T", "DIP", "$1N3073", "", "C", 66.93, 66.93, 40.16, 270],
		[122, "U2_24", 50, -400, "B", "DIP", "$1N3073", "", "C", 66.93, 66.93, 40.16, 270],
		[123, "U2_25", -50, -500, "T", "DIP", "$1N3071", "", "C", 66.93, 66.93, 40.16, 270],
		[124, "U2_25", -50, -500, "B", "DIP", "$1N3071", "", "C", 66.93, 66.93, 40.16, 270],
		[125, "U2_26", 50, -500, "T", "DIP", "$1N3071", "", "C", 66.93, 66.93, 40.16, 270],
		[126, "U2_26", 50, -500, "B", "DIP", "$1N3071", "", "C", 66.93, 66.93, 40.16, 270],
		[127, "U2_27", -50, -600, "T", "DIP", "$1N3069", "", "C", 66.93, 66.93, 40.16, 270],
		[128, "U2_27", -50, -600, "B", "DIP", "$1N3069", "", "C", 66.93, 66.93, 40.16, 270],
		[129, "U2_28", 50, -600, "T", "DIP", "$1N3069", "", "C", 66.93, 66.93, 40.16, 270],
		[130, "U2_28", 50, -600, "B", "DIP", "$1N3069", "", "C", 66.93, 66.93, 40.16, 270],
		[131, "U2_29", -50, -700, "T", "DIP", "$1N3067", "", "C", 66.93, 66.93, 40.16, 270],
		[132, "U2_29", -50, -700, "B", "DIP", "$1N3067", "", "C", 66.93, 66.93, 40.16, 270],
		[133, "U2_30", 50, -700, "T", "DIP", "$1N3067", "", "C", 66.93, 66.93, 40.16, 270],
		[134, "U2_30", 50, -700, "B", "DIP", "$1N3067", "", "C", 66.93, 66.93, 40.16, 270],
		[135, "U3_1", 1050, 700, "T", "DIP", "$1N3097", "", "C", 66.93, 66.93, 40.16, 270],
		[136, "U3_1", 1050, 700, "B", "DIP", "$1N3097", "", "C", 66.93, 66.93, 40.16, 270],
		[137, "U3_2", 1150, 700, "T", "DIP", "$1N3097", "", "C", 66.93, 66.93, 40.16, 270],
		[138, "U3_2", 1150, 700, "B", "DIP", "$1N3097", "", "C", 66.93, 66.93, 40.16, 270],
		[139, "U3_3", 1050, 600, "T", "DIP", "GND", "GND", "C", 66.93, 66.93, 40.16, 270],
		[140, "U3_3", 1050, 600, "B", "DIP", "GND", "GND", "C", 66.93, 66.93, 40.16, 270],
		[141, "U3_4", 1150, 600, "T", "DIP", "GND", "GND", "C", 66.93, 66.93, 40.16, 270],
		[142, "U3_4", 1150, 600, "B", "DIP", "GND", "GND", "C", 66.93, 66.93, 40.16, 270],
		[143, "U3_5", 1050, 500, "T", "DIP", "$1N4320", "", "C", 66.93, 66.93, 40.16, 270],
		[144, "U3_5", 1050, 500, "B", "DIP", "$1N4320", "", "C", 66.93, 66.93, 40.16, 270],
		[145, "U3_6", 1150, 500, "T", "DIP", "$1N4320", "", "C", 66.93, 66.93, 40.16, 270],
		[146, "U3_6", 1150, 500, "B", "DIP", "$1N4320", "", "C", 66.93, 66.93, 40.16, 270],
		[147, "U3_7", 1050, 400, "T", "DIP", "$1N3103", "", "C", 66.93, 66.93, 40.16, 270],
		[148, "U3_7", 1050, 400, "B", "DIP", "$1N3103", "", "C", 66.93, 66.93, 40.16, 270],
		[149, "U3_8", 1150, 400, "T", "DIP", "$1N3103", "", "C", 66.93, 66.93, 40.16, 270],
		[150, "U3_8", 1150, 400, "B", "DIP", "$1N3103", "", "C", 66.93, 66.93, 40.16, 270],
		[151, "U3_9", 1050, 300, "T", "DIP", "$1N3105", "", "C", 66.93, 66.93, 40.16, 270],
		[152, "U3_9", 1050, 300, "B", "DIP", "$1N3105", "", "C", 66.93, 66.93, 40.16, 270],
		[153, "U3_10", 1150, 300, "T", "DIP", "$1N3105", "", "C", 66.93, 66.93, 40.16, 270],
		[154, "U3_10", 1150, 300, "B", "DIP", "$1N3105", "", "C", 66.93, 66.93, 40.16, 270],
		[155, "U3_11", 1050, 200, "T", "DIP", "$1N3107", "", "C", 66.93, 66.93, 40.16, 270],
		[156, "U3_11", 1050, 200, "B", "DIP", "$1N3107", "", "C", 66.93, 66.93, 40.16, 270],
		[157, "U3_12", 1150, 200, "T", "DIP", "$1N3107", "", "C", 66.93, 66.93, 40.16, 270],
		[158, "U3_12", 1150, 200, "B", "DIP", "$1N3107", "", "C", 66.93, 66.93, 40.16, 270],
		[159, "U3_13", 1050, 100, "T", "DIP", "$1N5823", "", "C", 66.93, 66.93, 40.16, 270],
		[160, "U3_13", 1050, 100, "B", "DIP", "$1N5823", "", "C", 66.93, 66.93, 40.16, 270],
		[161, "U3_14", 1150, 100, "T", "DIP", "$1N5823", "", "C", 66.93, 66.93, 40.16, 270],
		[162, "U3_14", 1150, 100, "B", "DIP", "$1N5823", "", "C", 66.93, 66.93, 40.16, 270],
		[163, "U3_15", 1050, 0, "T", "DIP", "$1N3198", "", "C", 66.93, 66.93, 40.16, 270],
		[164, "U3_15", 1050, 0, "B", "DIP", "$1N3198", "", "C", 66.93, 66.93, 40.16, 270],
		[165, "U3_16", 1150, 0, "T", "DIP", "$1N3198", "", "C", 66.93, 66.93, 40.16, 270],
		[166, "U3_16", 1150, 0, "B", "DIP", "$1N3198", "", "C", 66.93, 66.93, 40.16, 270],
		[167, "U3_17", 1050, -100, "T", "DIP", "$1N3195", "", "C", 66.93, 66.93, 40.16, 270],
		[168, "U3_17", 1050, -100, "B", "DIP", "$1N3195", "", "C", 66.93, 66.93, 40.16, 270],
		[169, "U3_18", 1150, -100, "T", "DIP", "$1N3195", "", "C", 66.93, 66.93, 40.16, 270],
		[170, "U3_18", 1150, -100, "B", "DIP", "$1N3195", "", "C", 66.93, 66.93, 40.16, 270],
		[171, "U3_19", 1050, -200, "T", "DIP", "$1N3115", "", "C", 66.93, 66.93, 40.16, 270],
		[172, "U3_19", 1050, -200, "B", "DIP", "$1N3115", "", "C", 66.93, 66.93, 40.16, 270],
		[173, "U3_20", 1150, -200, "T", "DIP", "$1N3115", "", "C", 66.93, 66.93, 40.16, 270],
		[174, "U3_20", 1150, -200, "B", "DIP", "$1N3115", "", "C", 66.93, 66.93, 40.16, 270],
		[175, "U3_21", 1050, -300, "T", "DIP", "$1N3117", "", "C", 66.93, 66.93, 40.16, 270],
		[176, "U3_21", 1050, -300, "B", "DIP", "$1N3117", "", "C", 66.93, 66.93, 40.16, 270],
		[177, "U3_22", 1150, -300, "T", "DIP", "$1N3117", "", "C", 66.93, 66.93, 40.16, 270],
		[178, "U3_22", 1150, -300, "B", "DIP", "$1N3117", "", "C", 66.93, 66.93, 40.16, 270],
		[179, "U3_23", 1050, -400, "T", "DIP", "$1N3119", "", "C", 66.93, 66.93, 40.16, 270],
		[180, "U3_23", 1050, -400, "B", "DIP", "$1N3119", "", "C", 66.93, 66.93, 40.16, 270],
		[181, "U3_24", 1150, -400, "T", "DIP", "$1N3119", "", "C", 66.93, 66.93, 40.16, 270],
		[182, "U3_24", 1150, -400, "B", "DIP", "$1N3119", "", "C", 66.93, 66.93, 40.16, 270],
		[183, "U3_25", 1050, -500, "T", "DIP", "$1N3121", "", "C", 66.93, 66.93, 40.16, 270],
		[184, "U3_25", 1050, -500, "B", "DIP", "$1N3121", "", "C", 66.93, 66.93, 40.16, 270],
		[185, "U3_26", 1150, -500, "T", "DIP", "$1N3121", "", "C", 66.93, 66.93, 40.16, 270],
		[186, "U3_26", 1150, -500, "B", "DIP", "$1N3121", "", "C", 66.93, 66.93, 40.16, 270],
		[187, "U3_27", 1050, -600, "T", "DIP", "$1N3123", "", "C", 66.93, 66.93, 40.16, 270],
		[188, "U3_27", 1050, -600, "B", "DIP", "$1N3123", "", "C", 66.93, 66.93, 40.16, 270],
		[189, "U3_28", 1150, -600, "T", "DIP", "$1N3123", "", "C", 66.93, 66.93, 40.16, 270],
		[190, "U3_28", 1150, -600, "B", "DIP", "$1N3123", "", "C", 66.93, 66.93, 40.16, 270],
		[191, "U3_29", 1050, -700, "T", "DIP", "$1N3125", "", "C", 66.93, 66.93, 40.16, 270],
		[192, "U3_29", 1050, -700, "B", "DIP", "$1N3125", "", "C", 66.93, 66.93, 40.16, 270],
		[193, "U3_30", 1150, -700, "T", "DIP", "$1N3125", "", "C", 66.93, 66.93, 40.16, 270],
		[194, "U3_30", 1150, -700, "B", "DIP", "$1N3125", "", "C", 66.93, 66.93, 40.16, 270],
		[195, "U4-OLED_1", -1340, 345, "T", "DIP", "GND", "GND", "C", 70.87, 70.87, 41.34, 0],
		[196, "U4-OLED_1", -1340, 345, "B", "DIP", "GND", "GND", "C", 70.87, 70.87, 41.34, 0],
		[197, "U4-OLED_2", -1240, 345, "T", "DIP", "3V3", "", "C", 70.87, 70.87, 41.34, 0],
		[198, "U4-OLED_2", -1240, 345, "B", "DIP", "3V3", "", "C", 70.87, 70.87, 41.34, 0],
		[199, "U4-OLED_3", -1140, 345, "T", "DIP", "$1N3069", "", "C", 70.87, 70.87, 41.34, 0],
		[200, "U4-OLED_3", -1140, 345, "B", "DIP", "$1N3069", "", "C", 70.87, 70.87, 41.34, 0],
		[201, "U4-OLED_4", -1040, 345, "T", "DIP", "$1N3075", "", "C", 70.87, 70.87, 41.34, 0],
		[202, "U4-OLED_4", -1040, 345, "B", "DIP", "$1N3075", "", "C", 70.87, 70.87, 41.34, 0],
		[203, "VCC_1", 795, 1555, "T", "DIP", "VCC", "", "R", 66.93, 66.93, 43.31, 0],
		[204, "VCC_1", 795, 1555, "B", "DIP", "VCC", "", "R", 66.93, 66.93, 43.31, 0],
		[205, "VCC_2", 895, 1555, "T", "DIP", "VCC", "", "C", 66.93, 66.93, 43.31, 0],
		[206, "VCC_2", 895, 1555, "B", "DIP", "VCC", "", "C", 66.93, 66.93, 43.31, 0],
		[207, "VCC_3", 995, 1555, "T", "DIP", "VCC", "", "C", 66.93, 66.93, 43.31, 0],
		[208, "VCC_3", 995, 1555, "B", "DIP", "VCC", "", "C", 66.93, 66.93, 43.31, 0],
		[209, "PAD1_5", 330, -1060, "T", "DIP", "3V3", "", "C", 60, 60, 36, 0],
		[210, "PAD1_5", 330, -1060, "B", "DIP", "3V3", "", "C", 60, 60, 36, 0],
		[211, "PAD2_6", 830, -960, "T", "DIP", "GND", "GND", "C", 60, 60, 36, 0],
		[212, "PAD2_6", 830, -960, "B", "DIP", "GND", "GND", "C", 60, 60, 36, 0]
	]
}
}